<?xml version="1.0" encoding="UTF-8" standalone="yes"?>
<addon id="plugin.video.MyAnimasi"
       name="[COLOR red][B]My Animasi[/B][/COLOR]"
       version="1.0"
       provider-name="nashadi">
  <requires>
    <import addon="xbmc.python" version="2.1.0"/>
	<import addon="script.module.t0mm0.common" version="2.0.0"/>
    <import addon="script.module.beautifulsoup" version="3.2.1"/>
    <import addon="script.module.simple.downloader" version="0.9.4"/>
    <import addon="script.module.beautifulsoup4" />
    <import addon="script.module.simple.downloader" version="0.9.4"/>
    <import addon="script.module.requests" />
    <import addon="script.module.httplib2" />
    <import addon="script.module.youtube.dl" optional="true"/>
    <import addon="plugin.video.youtube" version="3.0.0"/>
    <import addon="script.module.urlresolver" optional="true"/>
    <import addon="script.module.simplejson" /> 
    <import addon="script.common.plugin.cache" version="2.5.2"/>
    <import addon="script.module.metahandler" version="2.5.1"/>

  </requires>
  <extension point="xbmc.python.pluginsource" library="default.py">
    <provides>video</provides>
  </extension>
  <extension point="xbmc.addon.metadata">
    <summary lang="en">kompilasi video animasi tempatan</summary>
    <description lang="en">
	Kompilasi animasi tempatan dan luar negara kegemaran tontonan kanak-kanak di Malaysia. 
	</description>
	<disclaimer>Video Addon ini adalah percuma. Kompilasi video daripada sumber sedia ada youtube dan ripper tempatan yang disusun secara teratur bagi memudahkan tontonan.</disclaimer>
    <email>k.kusanagi101@gmail.com</email>
	<platform>all</platform>
  </extension>
</addon>
