<?xml version="1.0" encoding="UTF-8" standalone="yes"?>
<addon id="repository.zonkuliah.addons" 
       name="[COLOR red][B]Zon Kuliah Agama[/B][/COLOR] [COLOR blue][B]Addon[/B][/COLOR] [COLOR yellow][B]Repository[/B][/COLOR]"
       version="1.0.0"
       provider-name="Team A">

	<extension point="xbmc.addon.repository" name="[COLOR red][B]Zon Kuliah Agama[/B][/COLOR] [COLOR blue][B]Addon[/B][/COLOR] [COLOR yellow][B]Repository[/B][/COLOR]">
		<info compressed="false">https://raw.githubusercontent.com/azumimuo/Zon-Kuliah/master/addons.xml</info>
		<checksum>https://raw.githubusercontent.com/azumimuo/Zon-Kuliah/master/addons.xml.md5</checksum>
		<datadir zip="true">https://raw.githubusercontent.com/azumimuo/Zon-Kuliah/master/zips</datadir>
	</extension>
	<extension point="xbmc.addon.metadata">
		<summary>Zon Kuliah Agama Addon Repository.</summary>
		<description>Feedback at Malaysian Video Streamers (Haluan Kiri) FB Group.This add-on is not for sale and it's meant for education purposes only.</description>
		<disclaimer>Show your support.</disclaimer>
		<language>en</language>
		<license>GNU GENERAL PUBLIC LICENSE. Version 3, 29 June 2007</license>
		<forum>https://www.facebook.com/groups/mvshaluankiri/</forum>
		<website></website>
		<email></email>
		<source></source>
	</extension>
</addon>