<?xml version="1.0" encoding="UTF-8" standalone="yes"?>
<addon id="plugin.video.pencarimovie.my"
       name="Pencari Movie"
       version="1.0.0"
       provider-name="FaizalAhmad">
  <requires>
    <import addon="xbmc.python" version="2.1.0"/>
    <import addon="script.module.t0mm0.common" version="2.1.1"/>
	<import addon="script.module.urlresolver"  version="2.10.0"/>
    </requires>
  <extension point="xbmc.python.pluginsource" library="default.py">
    <provides>video</provides>
  </extension>
  <extension point="xbmc.addon.metadata">
    <summary>Malaysian Movies</summary>
        <description>Malaysian Movies</description>
<disclaimer lang="en">Show your support. All suggestion and comments,mail to faiztutorial91@gmail.com</disclaimer>
    <platform>all</platform>
	</extension>
</addon>
